<?xml version='1.0' encoding='ISO-8859-1' ?>
<!-- $Revision: 1.1.6.2 $ $Date: 2007/09/18 01:15:51 $ -->

<toc version="1.0">

    <tocitem target="Main/Opti_main.html">OPTI Toolbox
	
        <tocitem target="GetStart/GetStart.html" image="$toolbox/matlab/icons/help_gs.png">Getting Started
	        <tocitem target="GetStart/ProductOverview.html">Product Overview</tocitem>
	        <tocitem target="UsersGuide/usersguide.html">User's Guide</tocitem>
	        <tocitem target="Demos/demos.html">Demos</tocitem>
	        <tocitem target="GetStart/Bibliography.html">Bibliography</tocitem>
	        <tocitem target="GetStart/Contact.html">Contact</tocitem>
        </tocitem>
		
		<tocitem target="UsersGuide/usersguide.html" image = "$toolbox/matlab/icons/help_ug.png">User's Guide
			<tocitem target="GetStart/GetStart.html">Getting Started</tocitem>	
			<tocitem target="UsersGuide/overview/overview.html">Optimization Problems
				<tocitem target="UsersGuide/overview/sle.html">System of Linear Equations</tocitem>
				<tocitem target="UsersGuide/overview/lp.html">Linear Programming</tocitem>
				<tocitem target="UsersGuide/overview/bilp.html">Binary Integer Linear Programming</tocitem>
				<tocitem target="UsersGuide/overview/milp.html">Mixed Integer Linear Programming</tocitem>
				<tocitem target="UsersGuide/overview/qp.html">Quadratic Programming</tocitem>
				<tocitem target="UsersGuide/overview/qcqp.html">Quadratically Constrained Quadratic Programming</tocitem>
				<tocitem target="UsersGuide/overview/miqp.html">Mixed Integer Quadratic Programming</tocitem>
				<tocitem target="UsersGuide/overview/miqcqp.html">Mixed Integer Quadratically Constrained Quadratic Programming</tocitem>
				<tocitem target="UsersGuide/overview/snle.html">System of Nonlinear Equations</tocitem>
				<tocitem target="UsersGuide/overview/scnle.html">System of Constrained Nonlinear Equations</tocitem>
				<tocitem target="UsersGuide/overview/nls.html">Nonlinear Least Squares</tocitem>
				<tocitem target="UsersGuide/overview/uno.html">Unconstrained Nonlinear Optimization</tocitem>
				<tocitem target="UsersGuide/overview/nlp.html">Nonlinear Programming</tocitem>				
				<tocitem target="UsersGuide/overview/minlp.html">Mixed Integer Nonlinear Programming</tocitem>
				<tocitem target="UsersGuide/overview/constraints.html">Constraint Forms</tocitem>				
			</tocitem>		
			<tocitem target="UsersGuide/Solvers/solvers.html">Optimization Solvers
				<tocitem target="UsersGuide/Solvers/supplied.html">Supplied Solvers</tocitem>
				<tocitem target="UsersGuide/Solvers/interfaced.html">Interfaced Solvers</tocitem>
			</tocitem>
			<tocitem target="UsersGuide/Utilities/utilities.html">Optimization Utilities
			</tocitem>			
			<tocitem target="UsersGuide/Misc/config.html">Solver Configuration</tocitem>
			<tocitem target="UsersGuide/intGuide/InterfaceGuide.html">Interfaced Solver Installation Guide
				<tocitem target="UsersGuide/intGuide/cplex.html">IBM ILOG CPLEX</tocitem>
				<!--<tocitem target="UsersGuide/intGuide/matlab.html">MATLAB Optimization Toolbox</tocitem>-->
				<tocitem target="UsersGuide/intGuide/mosek.html">MOSEK</tocitem>								
			</tocitem>
			<tocitem target="UsersGuide/AMPL/ampl.html">AMPL Interfacing</tocitem>
			<tocitem target="UsersGuide/Misc/bugs.html">Bug Reporting</tocitem>
			<tocitem target="UsersGuide/Misc/addSolver.html">Adding Your Solver to OPTI</tocitem>
		</tocitem>
		
        <tocitem target="Functions/Functions.html" image="$toolbox/matlab/icons/help_fx.png">Functions
           	<tocitem target="Functions/Functions.html#Optimization_Problem">Optimization Problem
            	<tocitem target="Functions/opti/opti.html" image="$toolbox/matlab/icons/help_fx.png">opti</tocitem>
            	<tocitem target="Functions/opti/optiprob.html" image="$toolbox/matlab/icons/help_fx.png">optiprob</tocitem>
            	<tocitem target="Functions/opti/optiset.html" image="$toolbox/matlab/icons/help_fx.png">optiset</tocitem>
            	<tocitem target="Functions/opti/solve.html" image="$toolbox/matlab/icons/help_fx.png">solve</tocitem>
            	<tocitem target="Functions/opti/plot.html" image="$toolbox/matlab/icons/help_fx.png">plot</tocitem>
            	<tocitem target="Functions/opti/checkSol.html" image="$toolbox/matlab/icons/help_fx.png">checkSol</tocitem>             	             	            	            	
            </tocitem>
            <tocitem target="Functions/Functions.html#Optimization_Utilities">Optimization Utilities
            	<tocitem target="Functions/Functions.html#OPTI">OPTI         
            		<tocitem target="Functions/optiutil/checkSolver.html" image="$toolbox/matlab/icons/help_fx.png">checkSolver</tocitem>
            		<tocitem target="Functions/optiutil/x_prob.html" image="$toolbox/matlab/icons/help_fx.png">x_prob</tocitem>
            	</tocitem>
            	<tocitem target="Functions/Functions.html#Differentiation">Differentiation
	            	<tocitem target="Functions/optiutil/autoJac.html" image="$toolbox/matlab/icons/help_fx.png">autoJac</tocitem>             	            	            	
	            	<tocitem target="Functions/optiutil/mklJac.html" image="$toolbox/matlab/icons/help_fx.png">mklJac</tocitem>             	            	            	
	            	<tocitem target="Functions/optiutil/symJac.html" image="$toolbox/matlab/icons/help_fx.png">symJac</tocitem>             	            	            	
				</tocitem>
				<tocitem target="Functions/Functions.html#File_IO">File IO            	
            		<tocitem target="Functions/optiutil/coinRead.html" image="$toolbox/matlab/icons/help_fx.png">coinRead</tocitem>
            		<tocitem target="Functions/optiutil/coinWrite.html" image="$toolbox/matlab/icons/help_fx.png">coinWrite</tocitem>
            		<tocitem target="Functions/optiutil/amplRead.html" image="$toolbox/matlab/icons/help_fx.png">amplRead</tocitem>            		
            	</tocitem>
            	<tocitem target="Functions/Functions.html#Benchmarking">Benchmarking
            		<tocitem target="Functions/optiutil/optiBench.html" image="$toolbox/matlab/icons/help_fx.png">optiBench</tocitem>
            		<tocitem target="Functions/optiutil/testSolver.html" image="$toolbox/matlab/icons/help_fx.png">testSolver</tocitem>
            		<tocitem target="Functions/optiutil/testProblem.html" image="$toolbox/matlab/icons/help_fx.png">testProblem</tocitem>
            	</tocitem>          				
            </tocitem>
            <tocitem target="Functions/Functions.html#Nonlinear_Problem_Utilities">Nonlinear Problem Utilities
            	<!--<tocitem target="Functions/Functions.html#Problem_Conversions">Problem Conversions
            		<tocitem target="Functions/nonlin_util/convert.html" image="$toolbox/matlab/icons/help_fx.png">convert</tocitem>
          		</tocitem>  -->           
            	<tocitem target="Functions/Functions.html#Nonlinear_Solver_Settings">Nonlinear Solver Settings
	            	<tocitem target="Functions/nonlin_util/bonminset.html" image="$toolbox/matlab/icons/help_fx.png">bonminset</tocitem> 
	            	<tocitem target="Functions/nonlin_util/ipoptset.html" image="$toolbox/matlab/icons/help_fx.png">ipoptset</tocitem>  
	            	<tocitem target="Functions/nonlin_util/nloptset.html" image="$toolbox/matlab/icons/help_fx.png">nloptset</tocitem>  
	            	<tocitem target="Functions/nonlin_util/nloptSolver.html" image="$toolbox/matlab/icons/help_fx.png">nloptSolver</tocitem>
	            	<tocitem target="Functions/nonlin_util/nomadset.html" image="$toolbox/matlab/icons/help_fx.png">nomadset</tocitem>  
	            	<tocitem target="Functions/nonlin_util/pswarmset.html" image="$toolbox/matlab/icons/help_fx.png">pswarmset</tocitem>           	            	            	
	            </tocitem>
			</tocitem>
			<tocitem target="Functions/Functions.html#Matlab_Optimization_Toolbox_Overloads">Matlab Optimization Toolbox Overloads
            	<tocitem target="Functions/overload/opti_linprog.html" image="$toolbox/matlab/icons/help_fx.png">opti_linprog</tocitem>
            	<tocitem target="Functions/overload/opti_bintprog.html" image="$toolbox/matlab/icons/help_fx.png">opti_bintprog</tocitem>
            	<tocitem target="Functions/overload/opti_mintprog.html" image="$toolbox/matlab/icons/help_fx.png">opti_mintprog</tocitem>
            	<tocitem target="Functions/overload/opti_quadprog.html" image="$toolbox/matlab/icons/help_fx.png">opti_quadprog</tocitem>
            	<tocitem target="Functions/overload/opti_lsqcurvefit.html" image="$toolbox/matlab/icons/help_fx.png">opti_lsqcurvefit</tocitem>
            	<tocitem target="Functions/overload/opti_fsolve.html" image="$toolbox/matlab/icons/help_fx.png">opti_fsolve</tocitem>
            	<tocitem target="Functions/overload/opti_fminunc.html" image="$toolbox/matlab/icons/help_fx.png">opti_fminunc</tocitem>
				<tocitem target="Functions/overload/opti_fmincon.html" image="$toolbox/matlab/icons/help_fx.png">opti_fmincon</tocitem>
			</tocitem>
            <!-- <tocitem target="Functions/Functions.html#Low_Level_Solver_Functions">Low Level Solver Functions
            	<tocitem target="Functions/lowlevel/opti_bonmin.html" image="$toolbox/matlab/icons/help_fx.png">opti_bonmin</tocitem>
            	<tocitem target="Functions/lowlevel/opti_cbc.html" image="$toolbox/matlab/icons/help_fx.png">opti_cbc</tocitem>
            	<tocitem target="Functions/lowlevel/opti_clp.html" image="$toolbox/matlab/icons/help_fx.png">opti_clp</tocitem>
            	<tocitem target="Functions/lowlevel/opti_clpqp.html" image="$toolbox/matlab/icons/help_fx.png">opti_clpqp</tocitem>
            	<tocitem target="Functions/lowlevel/opti_glpk.html" image="$toolbox/matlab/icons/help_fx.png">opti_glpk</tocitem>
            	<tocitem target="Functions/lowlevel/opti_hybrj.html" image="$toolbox/matlab/icons/help_fx.png">opti_hybrj</tocitem>
            	<tocitem target="Functions/lowlevel/opti_ipopt.html" image="$toolbox/matlab/icons/help_fx.png">opti_ipopt</tocitem>
            	<tocitem target="Functions/lowlevel/opti_lbfgsb.html" image="$toolbox/matlab/icons/help_fx.png">opti_lbfgsb</tocitem>
            	<tocitem target="Functions/lowlevel/opti_levmar.html" image="$toolbox/matlab/icons/help_fx.png">opti_levmar</tocitem>
            	<tocitem target="Functions/lowlevel/opti_lmder.html" image="$toolbox/matlab/icons/help_fx.png">opti_lmder</tocitem>
            	<tocitem target="Functions/lowlevel/opti_lpsolve.html" image="$toolbox/matlab/icons/help_fx.png">opti_lpsolve</tocitem>
            	<tocitem target="Functions/lowlevel/opti_mkltrnls.html" image="$toolbox/matlab/icons/help_fx.png">opti_mkltrnls</tocitem>
            	<tocitem target="Functions/lowlevel/opti_mumps.html" image="$toolbox/matlab/icons/help_fx.png">opti_mumps</tocitem>
				<tocitem target="Functions/lowlevel/opti_nl2sol.html" image="$toolbox/matlab/icons/help_fx.png">opti_nl2sol</tocitem>
            	<tocitem target="Functions/lowlevel/opti_nlopt.html" image="$toolbox/matlab/icons/help_fx.png">opti_nlopt</tocitem>
            	<tocitem target="Functions/lowlevel/opti_ooqp.html" image="$toolbox/matlab/icons/help_fx.png">opti_ooqp</tocitem> 
            	<tocitem target="Functions/lowlevel/opti_lp.html" image="$toolbox/matlab/icons/help_fx.png">opti_lp</tocitem> 
            	<tocitem target="Functions/lowlevel/opti_milp.html" image="$toolbox/matlab/icons/help_fx.png">opti_milp</tocitem>
            	<tocitem target="Functions/lowlevel/opti_minlp.html" image="$toolbox/matlab/icons/help_fx.png">opti_minlp</tocitem> 
            	<tocitem target="Functions/lowlevel/opti_qp.html" image="$toolbox/matlab/icons/help_fx.png">opti_qp</tocitem> 
            	<tocitem target="Functions/lowlevel/opti_miqp.html" image="$toolbox/matlab/icons/help_fx.png">opti_miqp</tocitem>
            	<tocitem target="Functions/lowlevel/opti_pswarm.html" image="$toolbox/matlab/icons/help_fx.png">opti_pswarm</tocitem>  
            	<tocitem target="Functions/lowlevel/opti_qsopt.html" image="$toolbox/matlab/icons/help_fx.png">opti_qsopt</tocitem>             
            </tocitem>-->
            <tocitem target="Functions/Functions.html#Toolbox_Utilities">Toolbox Utilities</tocitem>                  		
        </tocitem>
		
		<tocitem target="Demos/demos.html" image="$toolbox/matlab/icons/help_ex.png">Demos
        </tocitem>
		
		<tocitem target="Main/release_notes.html" image = "$toolbox/matlab/icons/help_rn.png">Release notes
        </tocitem>
        
    </tocitem>
</toc>
